Series Name,Series Code,Country Name,Country Code,1990 [YR1990],2000 [YR2000],2041 [YR2041],2042 [YR2042],2043 [YR2043],2044 [YR2044],2045 [YR2045],2046 [YR2046],2047 [YR2047],2048 [YR2048],2049 [YR2049],2050 [YR2050]
Net migration,SM.POP.NETM,Africa Eastern and Southern,AFE,22815,-564510,-139726,-139714,-139648,-139565,-139482,-139413,-139371,-139366,-139366,-139366
Net migration,SM.POP.NETM,Africa Western and Central,AFW,-529414,-22651,-172819,-172795,-172771,-172746,-172720,-172699,-172687,-172685,-172685,-172685
Net migration,SM.POP.NETM,Arab World,ARB,-2012275,-4273,-122096,-122096,-122096,-122096,-122096,-122096,-122096,-122096,-122096,-122096
Net migration,SM.POP.NETM,Caribbean small states,CSS,-73598,-38012,-15599,-15599,-15599,-15599,-15599,-15599,-15599,-15599,-15599,-15599
Net migration,SM.POP.NETM,Central Europe and the Baltics,CEB,-132482,123701,2212,2212,2212,2212,2212,2212,2212,2212,2212,2212
Net migration,SM.POP.NETM,Early-demographic dividend,EAR,1283931,-1113011,-1567892,-1566245,-1565030,-1563726,-1562429,-1560837,-1560195,-1560105,-1560105,-1560105
Net migration,SM.POP.NETM,East Asia & Pacific,EAS,78472,-512945,-176130,-176286,-176377,-176501,-176645,-176518,-176600,-176612,-176612,-176612
Net migration,SM.POP.NETM,East Asia & Pacific (excluding high income),EAP,-229630,-721102,-534407,-534581,-534689,-534833,-534997,-534887,-534979,-534992,-534992,-534992
Net migration,SM.POP.NETM,East Asia & Pacific (IDA & IBRD countries),TEA,-229559,-718186,-532547,-532721,-532829,-532973,-533137,-533027,-533119,-533132,-533132,-533132
Net migration,SM.POP.NETM,Euro area,EMU,592953,552337,445533,445185,444969,444681,444353,444573,444389,444363,444363,444363
Net migration,SM.POP.NETM,Europe & Central Asia,ECS,353755,778557,688714,688407,688232,687998,687729,688001,687849,687827,687827,687827
Net migration,SM.POP.NETM,Europe & Central Asia (excluding high income),ECA,-252265,-203529,-59910,-59869,-59828,-59774,-59715,-59663,-59631,-59627,-59627,-59627
Net migration,SM.POP.NETM,Europe & Central Asia (IDA & IBRD countries),TEC,-339957,-30525,-79909,-79868,-79827,-79773,-79714,-79662,-79630,-79626,-79626,-79626
Net migration,SM.POP.NETM,European Union,EUU,516313,773989,508742,508394,508178,507890,507562,507782,507598,507572,507572,507572
Net migration,SM.POP.NETM,Fragile and conflict affected situations,FCS,-1527207,-1462769,-430079,-429103,-428182,-427070,-425917,-424933,-424337,-424253,-424253,-424253
Net migration,SM.POP.NETM,Heavily indebted poor countries (HIPC),HPC,-1673421,-1651682,-385948,-385467,-384886,-384171,-383438,-382820,-382448,-382395,-382395,-382395
Net migration,SM.POP.NETM,High income,HIC,1583243,3033492,2458910,2457042,2455469,2453730,2452000,2449791,2448934,2448814,2448814,2448814
Net migration,SM.POP.NETM,IBRD only,IBD,..,..,..,..,..,..,..,..,..,..,..,..
Net migration,SM.POP.NETM,IDA & IBRD total,IBT,-1708073,-2836486,-2457080,-2456737,-2456370,-2455814,-2455177,-2453834,-2453475,-2453424,-2453424,-2453424
Net migration,SM.POP.NETM,IDA blend,IDB,..,..,..,..,..,..,..,..,..,..,..,..
Net migration,SM.POP.NETM,IDA only,IDX,..,..,..,..,..,..,..,..,..,..,..,..
Net migration,SM.POP.NETM,IDA total,IDA,..,..,..,..,..,..,..,..,..,..,..,..
Net migration,SM.POP.NETM,Late-demographic dividend,LTE,-1633001,-252503,-413456,-414405,-415237,-416037,-416752,-417050,-417364,-417407,-417407,-417407
Net migration,SM.POP.NETM,Latin America & Caribbean,LCN,-635393,-933168,-200101,-199195,-198729,-198102,-197361,-196432,-196006,-195945,-195945,-195945
Net migration,SM.POP.NETM,Latin America & Caribbean (excluding high income),LAC,-580828,-887172,-189506,-188002,-186852,-185597,-184339,-183037,-182411,-182323,-182323,-182323
Net migration,SM.POP.NETM,Latin America & the Caribbean (IDA & IBRD countries),TLA,-610598,-884758,-190573,-189999,-189578,-188948,-188204,-187272,-186844,-186783,-186783,-186783
Net migration,SM.POP.NETM,Least developed countries: UN classification,LDC,-1706161,-2262999,-842262,-841939,-841501,-840944,-840368,-839878,-839581,-839539,-839539,-839539
Net migration,SM.POP.NETM,Low & middle income,LMY,-1590838,-3026697,-2442674,-2441401,-2440305,-2439124,-2437973,-2436260,-2435703,-2435625,-2435625,-2435625
Net migration,SM.POP.NETM,Low income,LIC,-1546998,-1423135,-309085,-309108,-309079,-309030,-308978,-308932,-308903,-308899,-308899,-308899
Net migration,SM.POP.NETM,Lower middle income,LMC,1025344,-538744,-1723389,-1723033,-1722570,-1722020,-1721478,-1720773,-1720510,-1720471,-1720471,-1720471
Net migration,SM.POP.NETM,Middle East & North Africa,MEA,-99275,452463,-112246,-112246,-112246,-112246,-112246,-112246,-112246,-112246,-112246,-112246
Net migration,SM.POP.NETM,Middle East & North Africa (excluding high income),MNA,743748,246824,-174091,-174091,-174091,-174091,-174091,-174091,-174091,-174091,-174091,-174091
Net migration,SM.POP.NETM,Middle East & North Africa (IDA & IBRD countries),TMN,744224,258325,-169091,-169091,-169091,-169091,-169091,-169091,-169091,-169091,-169091,-169091
Net migration,SM.POP.NETM,Middle income,MIC,-43840,-1603562,-2133589,-2132293,-2131226,-2130094,-2128995,-2127328,-2126800,-2126726,-2126726,-2126726
Net migration,SM.POP.NETM,North America,NAC,1566949,1681226,1279928,1279580,1279364,1279076,1278748,1277168,1276984,1276958,1276958,1276958
Net migration,SM.POP.NETM,Not classified,INX,..,..,..,..,..,..,..,..,..,..,..,..
Net migration,SM.POP.NETM,OECD members,OED,2211593,2489277,2216749,2214731,2213381,2211954,2210527,2208820,2208108,2208009,2208009,2208009
Net migration,SM.POP.NETM,Other small states,OSS,60925,17968,-2256,-2159,-2061,-1953,-1843,-1752,-1698,-1691,-1691,-1691
Net migration,SM.POP.NETM,Pacific island small states,PSS,-20264,-18142,-6827,-6827,-6827,-6827,-6827,-6827,-6827,-6827,-6827,-6827
Net migration,SM.POP.NETM,Post-demographic dividend,PST,2622897,2522425,2357855,2357159,2356727,2356151,2355495,2354135,2353767,2353715,2353715,2353715
Net migration,SM.POP.NETM,Pre-demographic dividend,PRE,-2221922,-1126792,-402081,-402104,-402075,-402026,-401974,-401928,-401899,-401895,-401895,-401895
Net migration,SM.POP.NETM,Small states,SST,-32937,-38186,-24682,-24585,-24487,-24379,-24269,-24178,-24124,-24117,-24117,-24117
Net migration,SM.POP.NETM,South Asia,SAS,-765584,-874181,-1172415,-1172549,-1172626,-1172718,-1172829,-1172670,-1172733,-1172741,-1172741,-1172741
Net migration,SM.POP.NETM,South Asia (IDA & IBRD),TSA,-765584,-874181,-1172415,-1172549,-1172626,-1172718,-1172829,-1172670,-1172733,-1172741,-1172741,-1172741
Net migration,SM.POP.NETM,Sub-Saharan Africa,SSF,-506599,-587161,-312545,-312509,-312419,-312311,-312202,-312112,-312058,-312051,-312051,-312051
Net migration,SM.POP.NETM,Sub-Saharan Africa (excluding high income),SSA,-506279,-587537,-312345,-312309,-312219,-312111,-312002,-311912,-311858,-311851,-311851,-311851
Net migration,SM.POP.NETM,Sub-Saharan Africa (IDA & IBRD countries),TSS,-506599,-587161,-312545,-312509,-312419,-312311,-312202,-312112,-312058,-312051,-312051,-312051
Net migration,SM.POP.NETM,Upper middle income,UMC,-1069184,-1064818,-410200,-409260,-408656,-408074,-407517,-406555,-406290,-406255,-406255,-406255
Net migration,SM.POP.NETM,World,WLD,0,0,0,0,0,0,0,0,0,0,0,0
Net migration,SM.POP.NETM,Afghanistan,AFG,-666001,-1007135,-62268,-62230,-62193,-62144,-62091,-62044,-62015,-62011,-62011,-62011
Net migration,SM.POP.NETM,Albania,ALB,-52723,-63610,-8000,-8000,-8000,-8000,-8000,-8000,-8000,-8000,-8000,-8000
Net migration,SM.POP.NETM,Algeria,DZA,-21641,-18994,-9999,-9999,-9999,-9999,-9999,-9999,-9999,-9999,-9999,-9999
Net migration,SM.POP.NETM,American Samoa,ASM,-251,-1158,-411,-393,-376,-356,-336,-319,-309,-308,-308,-308
Net migration,SM.POP.NETM,Andorra,AND,1589,146,200,200,200,200,200,200,200,200,200,200
Net migration,SM.POP.NETM,Angola,AGO,47663,53527,-1000,-1000,-1000,-1000,-1000,-1000,-1000,-1000,-1000,-1000
Net migration,SM.POP.NETM,Antigua and Barbuda,ATG,-1145,271,0,0,0,0,0,0,0,0,0,0
Net migration,SM.POP.NETM,Argentina,ARG,6021,-22770,1253,1206,1200,1200,1200,1200,1200,1200,1200,1200
Net migration,SM.POP.NETM,Armenia,ARM,2119,-51873,-5000,-5000,-5000,-5000,-5000,-5000,-5000,-5000,-5000,-5000
Net migration,SM.POP.NETM,Aruba,ABW,879,1235,71,68,65,62,59,56,54,54,54,54
Net migration,SM.POP.NETM,Australia,AUS,95996,109375,139991,139991,139991,139991,139991,139991,139991,139991,139991,139991
Net migration,SM.POP.NETM,Austria,AUT,59606,17531,19999,19999,19999,19999,19999,19999,19999,19999,19999,19999
Net migration,SM.POP.NETM,Azerbaijan,AZE,-28017,15938,0,0,0,0,0,0,0,0,0,0
Net migration,SM.POP.NETM,"Bahamas, The",BHS,241,843,1000,1000,1000,1000,1000,1000,1000,1000,1000,1000
Net migration,SM.POP.NETM,Bahrain,BHR,4605,6264,0,0,0,0,0,0,0,0,0,0
Net migration,SM.POP.NETM,Bangladesh,BGD,-200144,-424718,-309977,-309977,-309977,-309977,-309977,-309977,-309977,-309977,-309977,-309977
Net migration,SM.POP.NETM,Barbados,BRB,-1295,-833,-80,-80,-80,-80,-80,-80,-80,-80,-80,-80
Net migration,SM.POP.NETM,Belarus,BLR,4246,-10419,3000,3000,3000,3000,3000,3000,3000,3000,3000,3000
Net migration,SM.POP.NETM,Belgium,BEL,6752,32262,23999,23999,23999,23999,23999,23999,23999,23999,23999,23999
Net migration,SM.POP.NETM,Belize,BLZ,-1793,1678,600,600,600,600,600,600,600,600,600,600
Net migration,SM.POP.NETM,Benin,BEN,-337,3337,-200,-200,-200,-200,-200,-200,-200,-200,-200,-200
Net migration,SM.POP.NETM,Bermuda,BMU,-96,-67,0,0,0,0,0,0,0,0,0,0
Net migration,SM.POP.NETM,Bhutan,BTN,-996,6069,300,300,300,300,300,300,300,300,300,300
Net migration,SM.POP.NETM,Bolivia,BOL,-21915,-17675,-3000,-3000,-3000,-3000,-3000,-3000,-3000,-3000,-3000,-3000
Net migration,SM.POP.NETM,Bosnia and Herzegovina,BIH,-22827,8141,-500,-500,-500,-500,-500,-500,-500,-500,-500,-500
Net migration,SM.POP.NETM,Botswana,BWA,4144,7970,3000,3000,3000,3000,3000,3000,3000,3000,3000,3000
Net migration,SM.POP.NETM,Brazil,BRA,6457,-1761,2000,2000,2000,2000,2000,2000,2000,2000,2000,2000
Net migration,SM.POP.NETM,British Virgin Islands,VGB,381,326,200,200,200,200,200,200,200,200,200,200
Net migration,SM.POP.NETM,Brunei Darussalam,BRN,1670,1660,0,0,0,0,0,0,0,0,0,0
Net migration,SM.POP.NETM,Bulgaria,BGR,-29479,-11295,-4800,-4800,-4800,-4800,-4800,-4800,-4800,-4800,-4800,-4800
Net migration,SM.POP.NETM,Burkina Faso,BFA,-33043,3880,-24998,-24998,-24998,-24998,-24998,-24998,-24998,-24998,-24998,-24998
Net migration,SM.POP.NETM,Burundi,BDI,-39996,-40114,2000,2000,2000,2000,2000,2000,2000,2000,2000,2000
Net migration,SM.POP.NETM,Cabo Verde,CPV,-3499,-2722,-429,-405,-381,-356,-330,-309,-297,-295,-295,-295
Net migration,SM.POP.NETM,Cambodia,KHM,56166,-4248,-29998,-29998,-29998,-29998,-29998,-29998,-29998,-29998,-29998,-29998
Net migration,SM.POP.NETM,Cameroon,CMR,-8163,-21221,-4800,-4800,-4800,-4800,-4800,-4800,-4800,-4800,-4800,-4800
Net migration,SM.POP.NETM,Canada,CAN,145270,201617,250588,250414,250306,250162,249998,250108,250016,250003,250003,250003
Net migration,SM.POP.NETM,Cayman Islands,CYM,1010,1020,400,400,400,400,400,400,400,400,400,400
Net migration,SM.POP.NETM,Central African Republic,CAF,2000,8082,-5000,-5000,-5000,-5000,-5000,-5000,-5000,-5000,-5000,-5000
Net migration,SM.POP.NETM,Chad,TCD,-58912,-3839,-2000,-2000,-2000,-2000,-2000,-2000,-2000,-2000,-2000,-2000
Net migration,SM.POP.NETM,Channel Islands,CHI,864,60,900,900,900,900,900,900,900,900,900,900
Net migration,SM.POP.NETM,Chile,CHL,-5253,5790,18007,16583,15455,14351,13332,12527,12063,11999,11999,11999
Net migration,SM.POP.NETM,China,CHN,-290067,-549792,-309378,-309552,-309660,-309804,-309968,-309858,-309950,-309963,-309963,-309963
Net migration,SM.POP.NETM,Colombia,COL,-17237,-31116,-18168,-17792,-17408,-16954,-16492,-16105,-15872,-15839,-15839,-15839
Net migration,SM.POP.NETM,Comoros,COM,-1194,-2971,-2000,-2000,-2000,-2000,-2000,-2000,-2000,-2000,-2000,-2000
Net migration,SM.POP.NETM,"Congo, Dem. Rep.",COD,183750,-48028,-14999,-14999,-14999,-14999,-14999,-14999,-14999,-14999,-14999,-14999
Net migration,SM.POP.NETM,"Congo, Rep.",COG,-400,79780,-1000,-1000,-1000,-1000,-1000,-1000,-1000,-1000,-1000,-1000
Net migration,SM.POP.NETM,Costa Rica,CRI,7941,13590,1536,1436,1370,1313,1263,1224,1203,1200,1200,1200
Net migration,SM.POP.NETM,Cote d'Ivoire,CIV,62979,-63877,6000,6000,6000,6000,6000,6000,6000,6000,6000,6000
Net migration,SM.POP.NETM,Croatia,HRV,-7183,-50791,-2000,-2000,-2000,-2000,-2000,-2000,-2000,-2000,-2000,-2000
Net migration,SM.POP.NETM,Cuba,CUB,-15438,-24942,-6000,-6000,-6000,-6000,-6000,-6000,-6000,-6000,-6000,-6000
Net migration,SM.POP.NETM,Curacao,CUW,-2447,-2632,515,515,515,515,515,515,515,515,515,515
Net migration,SM.POP.NETM,Cyprus,CYP,2551,11577,5000,5000,5000,5000,5000,5000,5000,5000,5000,5000
Net migration,SM.POP.NETM,Czechia,CZE,-4187,4195,22011,22011,22011,22011,22011,22011,22011,22011,22011,22011
Net migration,SM.POP.NETM,Denmark,DNK,9449,12536,19999,19999,19999,19999,19999,19999,19999,19999,19999,19999
Net migration,SM.POP.NETM,Djibouti,DJI,49970,5627,900,900,900,900,900,900,900,900,900,900
Net migration,SM.POP.NETM,Dominica,DMA,-1553,-994,-40,-40,-40,-40,-40,-40,-40,-40,-40,-40
Net migration,SM.POP.NETM,Dominican Republic,DOM,-27399,-30231,-23645,-23340,-23054,-22738,-22428,-22172,-22020,-21999,-21999,-21999
Net migration,SM.POP.NETM,Ecuador,ECU,-15159,-41899,-2684,-2684,-2684,-2684,-2684,-2684,-2684,-2684,-2684,-2684
Net migration,SM.POP.NETM,"Egypt, Arab Rep.",EGY,6995,-2815,-29998,-29998,-29998,-29998,-29998,-29998,-29998,-29998,-29998,-29998
Net migration,SM.POP.NETM,El Salvador,SLV,-39690,-97219,-23249,-23249,-23249,-23249,-23249,-23249,-23249,-23249,-23249,-23249
Net migration,SM.POP.NETM,Equatorial Guinea,GNQ,3506,15352,4000,4000,4000,4000,4000,4000,4000,4000,4000,4000
Net migration,SM.POP.NETM,Eritrea,ERI,-12442,-33196,-7000,-7000,-7000,-7000,-7000,-7000,-7000,-7000,-7000,-7000
Net migration,SM.POP.NETM,Estonia,EST,-2798,-3230,-1000,-1000,-1000,-1000,-1000,-1000,-1000,-1000,-1000,-1000
Net migration,SM.POP.NETM,Eswatini,SWZ,7169,-6689,2000,2000,2000,2000,2000,2000,2000,2000,2000,2000
Net migration,SM.POP.NETM,Ethiopia,ETH,296018,-49892,-11999,-11999,-11999,-11999,-11999,-11999,-11999,-11999,-11999,-11999
Net migration,SM.POP.NETM,Faroe Islands,FRO,-1147,332,0,0,0,0,0,0,0,0,0,0
Net migration,SM.POP.NETM,Fiji,FJI,-10612,-6081,-1707,-1707,-1707,-1707,-1707,-1707,-1707,-1707,-1707,-1707
Net migration,SM.POP.NETM,Finland,FIN,8864,2428,13999,13999,13999,13999,13999,13999,13999,13999,13999,13999
Net migration,SM.POP.NETM,France,FRA,11404,102857,68603,68429,68321,68177,68013,68123,68031,68018,68018,68018
Net migration,SM.POP.NETM,French Polynesia,PYF,-904,-460,-100,-100,-100,-100,-100,-100,-100,-100,-100,-100
Net migration,SM.POP.NETM,Gabon,GAB,995,3086,1000,1000,1000,1000,1000,1000,1000,1000,1000,1000
Net migration,SM.POP.NETM,"Gambia, The",GMB,11239,-3676,-3000,-3000,-3000,-3000,-3000,-3000,-3000,-3000,-3000,-3000
Net migration,SM.POP.NETM,Georgia,GEO,-108964,-135044,-9999,-9999,-9999,-9999,-9999,-9999,-9999,-9999,-9999,-9999
Net migration,SM.POP.NETM,Germany,DEU,479954,60905,156593,156419,156311,156167,156003,156113,156021,156008,156008,156008
Net migration,SM.POP.NETM,Ghana,GHA,-46822,-4208,-9999,-9999,-9999,-9999,-9999,-9999,-9999,-9999,-9999,-9999
Net migration,SM.POP.NETM,Gibraltar,GIB,-666,-147,-24,-24,-24,-24,-24,-24,-24,-24,-24,-24
Net migration,SM.POP.NETM,Greece,GRC,74412,35798,5000,5000,5000,5000,5000,5000,5000,5000,5000,5000
Net migration,SM.POP.NETM,Greenland,GRL,-672,-264,-100,-100,-100,-100,-100,-100,-100,-100,-100,-100
Net migration,SM.POP.NETM,Grenada,GRD,-1998,-586,-200,-200,-200,-200,-200,-200,-200,-200,-200,-200
Net migration,SM.POP.NETM,Guam,GUM,-570,-1566,-500,-500,-500,-500,-500,-500,-500,-500,-500,-500
Net migration,SM.POP.NETM,Guatemala,GTM,-30399,-66153,-8813,-8797,-8781,-8761,-8741,-8725,-8714,-8713,-8713,-8713
Net migration,SM.POP.NETM,Guinea,GIN,107641,-77558,-4000,-4000,-4000,-4000,-4000,-4000,-4000,-4000,-4000,-4000
Net migration,SM.POP.NETM,Guinea-Bissau,GNB,-8150,-6971,-1400,-1400,-1400,-1400,-1400,-1400,-1400,-1400,-1400,-1400
Net migration,SM.POP.NETM,Guyana,GUY,-21639,-13176,-3900,-3900,-3900,-3900,-3900,-3900,-3900,-3900,-3900,-3900
Net migration,SM.POP.NETM,Haiti,HTI,-26101,-27098,-18536,-18190,-17781,-17273,-16749,-16305,-16037,-15999,-15999,-15999
Net migration,SM.POP.NETM,Honduras,HND,-15350,-10762,-1830,-1672,-1528,-1370,-1214,-1086,-1011,-1000,-1000,-1000
Net migration,SM.POP.NETM,"Hong Kong SAR, China",HKG,42265,60719,19999,19999,19999,19999,19999,19999,19999,19999,19999,19999
Net migration,SM.POP.NETM,Hungary,HUN,17545,15478,6000,6000,6000,6000,6000,6000,6000,6000,6000,6000
Net migration,SM.POP.NETM,Iceland,ISL,-969,1874,380,380,380,380,380,380,380,380,380,380
Net migration,SM.POP.NETM,India,IND,108465,-149966,-495301,-495473,-495587,-495728,-495892,-495780,-495872,-495884,-495884,-495884
Net migration,SM.POP.NETM,Indonesia,IDN,11542,-42697,-49997,-49997,-49997,-49997,-49997,-49997,-49997,-49997,-49997,-49997
Net migration,SM.POP.NETM,"Iran, Islamic Rep.",IRN,1375419,394594,-39998,-39998,-39998,-39998,-39998,-39998,-39998,-39998,-39998,-39998
Net migration,SM.POP.NETM,Iraq,IRQ,-601469,87624,-6000,-6000,-6000,-6000,-6000,-6000,-6000,-6000,-6000,-6000
Net migration,SM.POP.NETM,Ireland,IRL,-8183,31230,9999,9999,9999,9999,9999,9999,9999,9999,9999,9999
Net migration,SM.POP.NETM,Isle of Man,IMN,1266,978,340,340,340,340,340,340,340,340,340,340
Net migration,SM.POP.NETM,Israel,ISR,57467,27257,9999,9999,9999,9999,9999,9999,9999,9999,9999,9999
Net migration,SM.POP.NETM,Italy,ITA,21268,49166,58496,58496,58496,58496,58496,58496,58496,58496,58496,58496
Net migration,SM.POP.NETM,Jamaica,JAM,-26080,-18500,-10999,-10999,-10999,-10999,-10999,-10999,-10999,-10999,-10999,-10999
Net migration,SM.POP.NETM,Japan,JPN,26291,84477,99994,99994,99994,99994,99994,99994,99994,99994,99994,99994
Net migration,SM.POP.NETM,Jordan,JOR,66103,-26074,-4000,-4000,-4000,-4000,-4000,-4000,-4000,-4000,-4000,-4000
Net migration,SM.POP.NETM,Kazakhstan,KAZ,-108425,-43423,0,0,0,0,0,0,0,0,0,0
Net migration,SM.POP.NETM,Kenya,KEN,-11341,5407,-10000,-10000,-10000,-10000,-10000,-10000,-10000,-10000,-10000,-10000
Net migration,SM.POP.NETM,Kiribati,KIR,-445,-513,-400,-400,-400,-400,-400,-400,-400,-400,-400,-400
Net migration,SM.POP.NETM,"Korea, Dem. People's Rep.",PRK,0,-3139,-2000,-2000,-2000,-2000,-2000,-2000,-2000,-2000,-2000,-2000
Net migration,SM.POP.NETM,"Korea, Rep.",KOR,69252,-72624,29998,29998,29998,29998,29998,29998,29998,29998,29998,29998
Net migration,SM.POP.NETM,Kosovo,XKX,-8387,-9176,-5000,-5000,-5000,-5000,-5000,-5000,-5000,-5000,-5000,-5000
Net migration,SM.POP.NETM,Kuwait,KWT,-1196051,19193,11999,11999,11999,11999,11999,11999,11999,11999,11999,11999
Net migration,SM.POP.NETM,Kyrgyz Republic,KGZ,-37094,-21139,-9999,-9999,-9999,-9999,-9999,-9999,-9999,-9999,-9999,-9999
Net migration,SM.POP.NETM,Lao PDR,LAO,-3100,-34009,-9999,-9999,-9999,-9999,-9999,-9999,-9999,-9999,-9999,-9999
Net migration,SM.POP.NETM,Latvia,LVA,-10252,-20514,-1000,-1000,-1000,-1000,-1000,-1000,-1000,-1000,-1000,-1000
Net migration,SM.POP.NETM,Lebanon,LBN,-6595,455,-4000,-4000,-4000,-4000,-4000,-4000,-4000,-4000,-4000,-4000
Net migration,SM.POP.NETM,Lesotho,LSO,-12891,-23572,-4000,-4000,-4000,-4000,-4000,-4000,-4000,-4000,-4000,-4000
Net migration,SM.POP.NETM,Liberia,LBR,-712546,-2060,-5000,-5000,-5000,-5000,-5000,-5000,-5000,-5000,-5000,-5000
Net migration,SM.POP.NETM,Libya,LBY,947,31970,-2000,-2000,-2000,-2000,-2000,-2000,-2000,-2000,-2000,-2000
Net migration,SM.POP.NETM,Liechtenstein,LIE,217,208,150,150,150,150,150,150,150,150,150,150
Net migration,SM.POP.NETM,Lithuania,LTU,-7205,-31240,-2000,-2000,-2000,-2000,-2000,-2000,-2000,-2000,-2000,-2000
Net migration,SM.POP.NETM,Luxembourg,LUX,3925,4407,4000,4000,4000,4000,4000,4000,4000,4000,4000,4000
Net migration,SM.POP.NETM,"Macao SAR, China",MAC,7443,4134,5000,5000,5000,5000,5000,5000,5000,5000,5000,5000
Net migration,SM.POP.NETM,Madagascar,MDG,-1792,485,-1500,-1500,-1500,-1500,-1500,-1500,-1500,-1500,-1500,-1500
Net migration,SM.POP.NETM,Malawi,MWI,71114,-29032,-6000,-6000,-6000,-6000,-6000,-6000,-6000,-6000,-6000,-6000
Net migration,SM.POP.NETM,Malaysia,MYS,94487,174011,48997,48997,48997,48997,48997,48997,48997,48997,48997,48997
Net migration,SM.POP.NETM,Maldives,MDV,-243,133,326,326,326,326,326,326,326,326,326,326
Net migration,SM.POP.NETM,Mali,MLI,-68856,-17423,-39998,-39998,-39998,-39998,-39998,-39998,-39998,-39998,-39998,-39998
Net migration,SM.POP.NETM,Malta,MLT,606,1799,850,850,850,850,850,850,850,850,850,850
Net migration,SM.POP.NETM,Marshall Islands,MHL,-593,-1323,0,0,0,0,0,0,0,0,0,0
Net migration,SM.POP.NETM,Mauritania,MRT,-3002,-2997,3000,3000,3000,3000,3000,3000,3000,3000,3000,3000
Net migration,SM.POP.NETM,Mauritius,MUS,-1646,-2522,0,0,0,0,0,0,0,0,0,0
Net migration,SM.POP.NETM,Mexico,MEX,-286584,-356430,-49397,-49571,-49679,-49823,-49987,-49877,-49969,-49982,-49982,-49982
Net migration,SM.POP.NETM,"Micronesia, Fed. Sts.",FSM,-995,-2688,-600,-600,-600,-600,-600,-600,-600,-600,-600,-600
Net migration,SM.POP.NETM,Moldova,MDA,-14931,-44421,-1400,-1400,-1400,-1400,-1400,-1400,-1400,-1400,-1400,-1400
Net migration,SM.POP.NETM,Monaco,MCO,347,16,200,200,200,200,200,200,200,200,200,200
Net migration,SM.POP.NETM,Mongolia,MNG,-11026,-10833,-850,-850,-850,-850,-850,-850,-850,-850,-850,-850
Net migration,SM.POP.NETM,Montenegro,MNE,-1762,-4423,-480,-480,-480,-480,-480,-480,-480,-480,-480,-480
Net migration,SM.POP.NETM,Morocco,MAR,-104908,-90376,-39998,-39998,-39998,-39998,-39998,-39998,-39998,-39998,-39998,-39998
Net migration,SM.POP.NETM,Mozambique,MOZ,-97330,-58468,-5000,-5000,-5000,-5000,-5000,-5000,-5000,-5000,-5000,-5000
Net migration,SM.POP.NETM,Myanmar,MMR,-40864,-106816,-34998,-34998,-34998,-34998,-34998,-34998,-34998,-34998,-34998,-34998
Net migration,SM.POP.NETM,Namibia,NAM,3969,5709,-2003,-1930,-1856,-1773,-1689,-1619,-1577,-1572,-1572,-1572
Net migration,SM.POP.NETM,Nauru,NRU,71,-223,-140,-140,-140,-140,-140,-140,-140,-140,-140,-140
Net migration,SM.POP.NETM,Nepal,NPL,-650,-147403,-62012,-62012,-62012,-62012,-62012,-62012,-62012,-62012,-62012,-62012
Net migration,SM.POP.NETM,Netherlands,NLD,32373,21650,29998,29998,29998,29998,29998,29998,29998,29998,29998,29998
Net migration,SM.POP.NETM,New Caledonia,NCL,953,969,500,500,500,500,500,500,500,500,500,500
Net migration,SM.POP.NETM,New Zealand,NZL,71491,-6080,12999,12999,12999,12999,12999,12999,12999,12999,12999,12999
Net migration,SM.POP.NETM,Nicaragua,NIC,-24283,-42092,-8000,-8000,-8000,-8000,-8000,-8000,-8000,-8000,-8000,-8000
Net migration,SM.POP.NETM,Niger,NER,84,-8533,1000,1000,1000,1000,1000,1000,1000,1000,1000,1000
Net migration,SM.POP.NETM,Nigeria,NGA,107212,34146,-59996,-59996,-59996,-59996,-59996,-59996,-59996,-59996,-59996,-59996
Net migration,SM.POP.NETM,North Macedonia,MKD,-16174,5516,-1000,-1000,-1000,-1000,-1000,-1000,-1000,-1000,-1000,-1000
Net migration,SM.POP.NETM,Northern Mariana Islands,MNP,-286,-1149,-50,-50,-50,-50,-50,-50,-50,-50,-50,-50
Net migration,SM.POP.NETM,Norway,NOR,1895,9789,27998,27998,27998,27998,27998,27998,27998,27998,27998,27998
Net migration,SM.POP.NETM,Oman,OMN,33492,-19889,0,0,0,0,0,0,0,0,0,0
Net migration,SM.POP.NETM,Pakistan,PAK,30184,940739,-165988,-165988,-165988,-165988,-165988,-165988,-165988,-165988,-165988,-165988
Net migration,SM.POP.NETM,Palau,PLW,169,79,-20,-20,-20,-20,-20,-20,-20,-20,-20,-20
Net migration,SM.POP.NETM,Panama,PAN,-854,2602,2137,2039,1964,1888,1816,1758,1725,1720,1720,1720
Net migration,SM.POP.NETM,Papua New Guinea,PNG,2397,41857,-800,-800,-800,-800,-800,-800,-800,-800,-800,-800
Net migration,SM.POP.NETM,Paraguay,PRY,-4689,-15880,-12499,-12499,-12499,-12499,-12499,-12499,-12499,-12499,-12499,-12499
Net migration,SM.POP.NETM,Peru,PER,-35982,-94554,-6635,-6011,-5920,-5920,-5920,-5920,-5920,-5920,-5920,-5920
Net migration,SM.POP.NETM,Philippines,PHL,-149089,-122971,-69996,-69996,-69996,-69996,-69996,-69996,-69996,-69996,-69996,-69996
Net migration,SM.POP.NETM,Poland,POL,-41244,315602,-9999,-9999,-9999,-9999,-9999,-9999,-9999,-9999,-9999,-9999
Net migration,SM.POP.NETM,Portugal,PRT,-33704,63195,9999,9999,9999,9999,9999,9999,9999,9999,9999,9999
Net migration,SM.POP.NETM,Puerto Rico,PRI,-8238,-22489,-5384,-5049,-5001,-5001,-5001,-5001,-5001,-5001,-5001,-5001
Net migration,SM.POP.NETM,Qatar,QAT,5021,22039,0,0,0,0,0,0,0,0,0,0
Net migration,SM.POP.NETM,Romania,ROU,-39265,-91807,-8000,-8000,-8000,-8000,-8000,-8000,-8000,-8000,-8000,-8000
Net migration,SM.POP.NETM,Russian Federation,RUS,257950,404928,97261,97302,97343,97397,97456,97508,97540,97544,97544,97544
Net migration,SM.POP.NETM,Rwanda,RWA,-31720,-99860,-8999,-8999,-8999,-8999,-8999,-8999,-8999,-8999,-8999,-8999
Net migration,SM.POP.NETM,Samoa,WSM,-4286,-3020,-1500,-1500,-1500,-1500,-1500,-1500,-1500,-1500,-1500,-1500
Net migration,SM.POP.NETM,San Marino,SMR,273,386,100,100,100,100,100,100,100,100,100,100
Net migration,SM.POP.NETM,Sao Tome and Principe,STP,-724,-2512,-600,-600,-600,-600,-600,-600,-600,-600,-600,-600
Net migration,SM.POP.NETM,Saudi Arabia,SAU,186898,17241,38997,38997,38997,38997,38997,38997,38997,38997,38997,38997
Net migration,SM.POP.NETM,Senegal,SEN,-12986,-42952,-19999,-19999,-19999,-19999,-19999,-19999,-19999,-19999,-19999,-19999
Net migration,SM.POP.NETM,Serbia,SRB,-651,2082,-9999,-9999,-9999,-9999,-9999,-9999,-9999,-9999,-9999,-9999
Net migration,SM.POP.NETM,Seychelles,SYC,-320,376,-200,-200,-200,-200,-200,-200,-200,-200,-200,-200
Net migration,SM.POP.NETM,Sierra Leone,SLE,131587,83013,-4000,-4000,-4000,-4000,-4000,-4000,-4000,-4000,-4000,-4000
Net migration,SM.POP.NETM,Singapore,SGP,44423,39387,26998,26998,26998,26998,26998,26998,26998,26998,26998,26998
Net migration,SM.POP.NETM,Sint Maarten (Dutch part),SXM,1402,-594,0,0,0,0,0,0,0,0,0,0
Net migration,SM.POP.NETM,Slovak Republic,SVK,-10132,-1135,1000,1000,1000,1000,1000,1000,1000,1000,1000,1000
Net migration,SM.POP.NETM,Slovenia,SVN,1718,-1562,2000,2000,2000,2000,2000,2000,2000,2000,2000,2000
Net migration,SM.POP.NETM,Solomon Islands,SLB,-529,-2137,-1600,-1600,-1600,-1600,-1600,-1600,-1600,-1600,-1600,-1600
Net migration,SM.POP.NETM,Somalia,SOM,-248155,53580,-30000,-30000,-30000,-30000,-30000,-30000,-30000,-30000,-30000,-30000
Net migration,SM.POP.NETM,South Africa,ZAF,231224,-80388,58496,58496,58496,58496,58496,58496,58496,58496,58496,58496
Net migration,SM.POP.NETM,South Sudan,SSD,12993,74224,-5000,-5000,-4999,-4999,-5000,-5000,-5000,-5000,-5000,-5000
Net migration,SM.POP.NETM,Spain,ESP,-38206,175213,39998,39998,39998,39998,39998,39998,39998,39998,39998,39998
Net migration,SM.POP.NETM,Sri Lanka,LKA,-36199,-91900,-77495,-77495,-77495,-77495,-77495,-77495,-77495,-77495,-77495,-77495
Net migration,SM.POP.NETM,St. Kitts and Nevis,KNA,-861,248,20,20,20,20,20,20,20,20,20,20
Net migration,SM.POP.NETM,St. Lucia,LCA,-1211,-773,0,0,0,0,0,0,0,0,0,0
Net migration,SM.POP.NETM,St. Martin (French part),MAF,2,159,0,0,0,0,0,0,0,0,0,0
Net migration,SM.POP.NETM,St. Vincent and the Grenadines,VCT,-1915,-1618,-200,-200,-200,-200,-200,-200,-200,-200,-200,-200
Net migration,SM.POP.NETM,Sudan,SDN,-227157,-80698,-9999,-9999,-9999,-9999,-9999,-9999,-9999,-9999,-9999,-9999
Net migration,SM.POP.NETM,Suriname,SUR,-6471,613,-1000,-1000,-1000,-1000,-1000,-1000,-1000,-1000,-1000,-1000
Net migration,SM.POP.NETM,Sweden,SWE,17724,27734,39998,39998,39998,39998,39998,39998,39998,39998,39998,39998
Net migration,SM.POP.NETM,Switzerland,CHE,58538,24066,39998,39998,39998,39998,39998,39998,39998,39998,39998,39998
Net migration,SM.POP.NETM,Syrian Arab Republic,SYR,-12182,-18458,-9999,-9999,-9999,-9999,-9999,-9999,-9999,-9999,-9999,-9999
Net migration,SM.POP.NETM,Tajikistan,TJK,-41579,-13870,-19999,-19999,-19999,-19999,-19999,-19999,-19999,-19999,-19999,-19999
Net migration,SM.POP.NETM,Tanzania,TZA,-88284,-12539,-39997,-39997,-39997,-39997,-39997,-39997,-39997,-39997,-39997,-39997
Net migration,SM.POP.NETM,Thailand,THA,130112,119074,18999,18999,18999,18999,18999,18999,18999,18999,18999,18999
Net migration,SM.POP.NETM,Timor-Leste,TLS,399,-12665,-5000,-5000,-5000,-5000,-5000,-5000,-5000,-5000,-5000,-5000
Net migration,SM.POP.NETM,Togo,TGO,59,4710,-2000,-2000,-2000,-2000,-2000,-2000,-2000,-2000,-2000,-2000
Net migration,SM.POP.NETM,Tonga,TON,-2068,-1617,-800,-800,-800,-800,-800,-800,-800,-800,-800,-800
Net migration,SM.POP.NETM,Trinidad and Tobago,TTO,-7878,-5185,-800,-800,-800,-800,-800,-800,-800,-800,-800,-800
Net migration,SM.POP.NETM,Tunisia,TUN,7453,-17475,-4000,-4000,-4000,-4000,-4000,-4000,-4000,-4000,-4000,-4000
Net migration,SM.POP.NETM,Turkiye,TUR,-22662,-77647,-59996,-59996,-59996,-59996,-59996,-59996,-59996,-59996,-59996,-59996
Net migration,SM.POP.NETM,Turkmenistan,TKM,798,-9473,-4000,-4000,-4000,-4000,-4000,-4000,-4000,-4000,-4000,-4000
Net migration,SM.POP.NETM,Turks and Caicos Islands,TCA,291,418,200,200,200,200,200,200,200,200,200,200
Net migration,SM.POP.NETM,Tuvalu,TUV,-37,-161,-60,-60,-60,-60,-60,-60,-60,-60,-60,-60
Net migration,SM.POP.NETM,Uganda,UGA,-21692,-52834,-29927,-29988,-29997,-29997,-29997,-29998,-29998,-29998,-29998,-29998
Net migration,SM.POP.NETM,Ukraine,UKR,49782,-77752,0,0,0,0,0,0,0,0,0,0
Net migration,SM.POP.NETM,United Arab Emirates,ARE,64939,131735,0,0,0,0,0,0,0,0,0,0
Net migration,SM.POP.NETM,United Kingdom,GBR,-701,161157,165790,165790,165790,165790,165790,165790,165790,165790,165790,165790
Net migration,SM.POP.NETM,United States,USA,1421775,1479676,1029340,1029166,1029058,1028914,1028750,1027060,1026968,1026955,1026955,1026955
Net migration,SM.POP.NETM,Uruguay,URY,-7498,-11074,-1500,-1500,-1500,-1500,-1500,-1500,-1500,-1500,-1500,-1500
Net migration,SM.POP.NETM,Uzbekistan,UZB,-73485,-66569,-19999,-19999,-19999,-19999,-19999,-19999,-19999,-19999,-19999,-19999
Net migration,SM.POP.NETM,Vanuatu,VUT,-939,-458,0,0,0,0,0,0,0,0,0,0
Net migration,SM.POP.NETM,"Venezuela, RB",VEN,-80,-2004,-21031,-20439,-19965,-19410,-18833,-18340,-18041,-17999,-17999,-17999
Net migration,SM.POP.NETM,Viet Nam,VNM,-10252,-150955,-82700,-82700,-82700,-82700,-82700,-82700,-82700,-82700,-82700,-82700
Net migration,SM.POP.NETM,Virgin Islands (U.S.),VIR,-1583,-921,-450,-450,-450,-450,-450,-450,-450,-450,-450,-450
Net migration,SM.POP.NETM,West Bank and Gaza,PSE,-476,-11501,-5000,-5000,-5000,-5000,-5000,-5000,-5000,-5000,-5000,-5000
Net migration,SM.POP.NETM,"Yemen, Rep.",YEM,-15868,-87753,-19999,-19999,-19999,-19999,-19999,-19999,-19999,-19999,-19999,-19999
Net migration,SM.POP.NETM,Zambia,ZMB,-40900,-5152,-5000,-5000,-5000,-5000,-5000,-5000,-5000,-5000,-5000,-5000
Net migration,SM.POP.NETM,Zimbabwe,ZWE,2355,-137321,-9999,-9999,-9999,-9999,-9999,-9999,-9999,-9999,-9999,-9999
,,,,,,,,,,,,,,,
,,,,,,,,,,,,,,,
,,,,,,,,,,,,,,,
Data from database: Population estimates and projections,,,,,,,,,,,,,,,
Last Updated: 12/20/2023,,,,,,,,,,,,,,,
